时间,基金代码,基金简称,跟踪指数,旧状态,新状态,旧限额,新限额
2026-05-11T10:40:06+08:00,003718,易方达标普500指数美元汇A,标普500,(新增),暂停申购,,0.0
2026-05-11T11:51:22+08:00,003718,易方达标普500指数美元汇A,标普500,(新增),暂停申购,,0.0
2026-05-11T11:51:24+08:00,003722,易方达纳斯达克100ETF联接(QDII-LOF)A(美元现汇),纳斯达克100,(新增),暂停申购,,0.0
2026-05-11T11:51:26+08:00,006075,博时标普500ETF联接C,标普500,(新增),暂停申购,,100.0
2026-05-11T11:51:48+08:00,012860,易方达标普500指数人民币C,标普500,(新增),暂停申购,,10.0
2026-05-11T11:51:50+08:00,012861,易方达标普500指数美元汇C,标普500,(新增),暂停申购,,0.0
2026-05-11T11:51:53+08:00,012870,易方达纳斯达克100ETF联接(QDII-LOF)C(人民币),纳斯达克100,(新增),暂停申购,,10.0
2026-05-11T11:51:55+08:00,012871,易方达纳斯达克100ETF联接(QDII-LOF)C(美元现汇),纳斯达克100,(新增),暂停申购,,0.0
2026-05-11T11:51:59+08:00,013425,博时标普500ETF联接美元汇(QDII)A,标普500,(新增),暂停申购,,
2026-05-11T11:52:01+08:00,013499,博时标普500ETF联接美元汇(QDII)C,标普500,(新增),暂停申购,,
2026-05-11T11:52:05+08:00,015299,华夏纳斯达克100ETF发起式联接(QDII)A,纳斯达克100,(新增),暂停申购,,100.0
2026-05-11T11:52:07+08:00,015300,华夏纳斯达克100ETF发起式联接(QDII)C,纳斯达克100,(新增),暂停申购,,100.0
2026-05-11T11:52:10+08:00,015518,华夏纳斯达克100ETF发起式联接(QDII)A美元现汇,纳斯达克100,(新增),暂停申购,,
2026-05-11T11:52:14+08:00,016055,博时纳斯达克100ETF发起式联接(QDII)A人民币,纳斯达克100,(新增),暂停申购,,100.0
2026-05-11T11:52:16+08:00,016056,博时纳斯达克100ETF发起式联接(QDII)A美元现汇,纳斯达克100,(新增),暂停申购,,
2026-05-11T11:52:18+08:00,016057,博时纳斯达克100ETF发起式联接(QDII)C人民币,纳斯达克100,(新增),暂停申购,,100.0
2026-05-11T11:52:20+08:00,016058,博时纳斯达克100ETF发起式联接(QDII)C美元现汇,纳斯达克100,(新增),暂停申购,,
2026-05-11T11:52:25+08:00,016532,嘉实纳斯达克100ETF发起联接(QDII)A人民币,纳斯达克100,(新增),暂停申购,,100.0
2026-05-11T11:52:27+08:00,016533,嘉实纳斯达克100ETF发起联接(QDII)C人民币,纳斯达克100,(新增),暂停申购,,100.0
2026-05-11T11:52:29+08:00,016534,嘉实纳斯达克100ETF发起联接(QDII)A美元现汇,纳斯达克100,(新增),暂停申购,,0.0
2026-05-11T11:52:31+08:00,016535,嘉实纳斯达克100ETF发起联接(QDII)C美元现汇,纳斯达克100,(新增),暂停申购,,0.0
2026-05-11T11:52:34+08:00,017028,国泰标普500ETF发起联接(QDII)A人民币,标普500,(新增),暂停申购,,10000.0
2026-05-11T11:52:35+08:00,017030,国泰标普500ETF发起联接(QDII)C人民币,标普500,(新增),暂停申购,,10000.0
2026-05-11T11:52:47+08:00,018064,华夏标普500ETF发起式联接(QDII)A(人民币),标普500,(新增),暂停申购,,100.0
2026-05-11T11:52:49+08:00,018065,华夏标普500ETF发起式联接(QDII)C,标普500,(新增),暂停申购,,100.0
2026-05-11T11:52:51+08:00,018066,华夏标普500ETF发起式联接(QDII)A(美元),标普500,(新增),暂停申购,,
2026-05-11T11:52:58+08:00,018968,汇添富纳斯达克100ETF发起式联接(QDII)美元现汇,纳斯达克100,(新增),暂停申购,,0.0
2026-05-11T11:53:00+08:00,018969,汇添富纳斯达克100ETF发起式联接(QDII)美元现钞,纳斯达克100,(新增),暂停申购,,0.0
2026-05-11T11:53:40+08:00,021838,嘉实纳斯达克100ETF发起联接(QDII)I人民币,纳斯达克100,(新增),暂停申购,,
2026-05-11T11:53:50+08:00,024237,博时纳斯达克100ETF发起式联接(QDII)I人民币,纳斯达克100,(新增),暂停申购,,
2026-05-11T11:53:54+08:00,040047,华安纳斯达克100ETF联接(QDII)A美元现钞,纳斯达克100,(新增),暂停申购,,
2026-05-11T11:53:56+08:00,040048,华安纳斯达克100ETF联接(QDII)A美元现汇,纳斯达克100,(新增),暂停申购,,
2026-05-11T11:53:58+08:00,050025,博时标普500ETF联接A,标普500,(新增),暂停申购,,100.0
2026-05-11T11:54:02+08:00,160213,国泰纳斯达克100指数,纳斯达克100,(新增),暂停申购,,5000.0
2026-05-11T11:54:04+08:00,161125,易方达标普500指数人民币A,标普500,(新增),暂停申购,,10.0
2026-05-11T11:54:06+08:00,161130,易方达纳斯达克100ETF联接(QDII-LOF)A(人民币),纳斯达克100,(新增),暂停申购,,10.0
2026-05-11T12:10:50+08:00,006075,博时标普500ETF联接C,标普500,(新增),暂停申购,,100.0
2026-05-11T12:11:03+08:00,012860,易方达标普500指数人民币C,标普500,(新增),暂停申购,,10.0
2026-05-11T12:11:05+08:00,012870,易方达纳斯达克100ETF联接(QDII-LOF)C(人民币),纳斯达克100,(新增),暂停申购,,10.0
2026-05-11T12:11:09+08:00,015299,华夏纳斯达克100ETF发起式联接(QDII)A,纳斯达克100,(新增),暂停申购,,100.0
2026-05-11T12:11:11+08:00,015300,华夏纳斯达克100ETF发起式联接(QDII)C,纳斯达克100,(新增),暂停申购,,100.0
2026-05-11T12:11:13+08:00,016055,博时纳斯达克100ETF发起式联接(QDII)A人民币,纳斯达克100,(新增),暂停申购,,100.0
2026-05-11T12:11:14+08:00,016057,博时纳斯达克100ETF发起式联接(QDII)C人民币,纳斯达克100,(新增),暂停申购,,100.0
2026-05-11T12:11:20+08:00,016532,嘉实纳斯达克100ETF发起联接(QDII)A人民币,纳斯达克100,(新增),暂停申购,,100.0
2026-05-11T12:11:22+08:00,016533,嘉实纳斯达克100ETF发起联接(QDII)C人民币,纳斯达克100,(新增),暂停申购,,100.0
2026-05-11T12:11:24+08:00,017028,国泰标普500ETF发起联接(QDII)A人民币,标普500,(新增),暂停申购,,10000.0
2026-05-11T12:11:26+08:00,017030,国泰标普500ETF发起联接(QDII)C人民币,标普500,(新增),暂停申购,,10000.0
2026-05-11T12:11:33+08:00,018064,华夏标普500ETF发起式联接(QDII)A(人民币),标普500,(新增),暂停申购,,100.0
2026-05-11T12:11:35+08:00,018065,华夏标普500ETF发起式联接(QDII)C,标普500,(新增),暂停申购,,100.0
2026-05-11T12:12:08+08:00,021838,嘉实纳斯达克100ETF发起联接(QDII)I人民币,纳斯达克100,(新增),暂停申购,,
2026-05-11T12:12:18+08:00,024237,博时纳斯达克100ETF发起式联接(QDII)I人民币,纳斯达克100,(新增),暂停申购,,
2026-05-11T12:12:21+08:00,050025,博时标普500ETF联接A,标普500,(新增),暂停申购,,100.0
2026-05-11T12:12:25+08:00,160213,国泰纳斯达克100指数,纳斯达克100,(新增),暂停申购,,5000.0
2026-05-11T12:12:27+08:00,161125,易方达标普500指数人民币A,标普500,(新增),暂停申购,,10.0
2026-05-11T12:12:29+08:00,161130,易方达纳斯达克100ETF联接(QDII-LOF)A(人民币),纳斯达克100,(新增),暂停申购,,10.0
2026-05-11T12:19:43+08:00,000834,大成纳斯达克100ETF联接(QDII)A,纳斯达克100,(新增),限制大额申购,,500.0
2026-05-11T12:19:45+08:00,006075,博时标普500ETF联接C,标普500,(新增),暂停申购,,100.0
2026-05-11T12:19:47+08:00,006479,广发纳斯达克100ETF联接人民币(QDII)C,纳斯达克100,(新增),限制大额申购,,10.0
2026-05-11T12:19:49+08:00,007721,天弘标普500发起(QDII-FOF)A,标普500,(新增),限制大额申购,,100.0
2026-05-11T12:19:51+08:00,007722,天弘标普500发起(QDII-FOF)C,标普500,(新增),限制大额申购,,100.0
2026-05-11T12:19:53+08:00,008401,大成标普500等权重指数(QDII)C人民币,标普500,(新增),限制大额申购,,1000.0
2026-05-11T12:19:55+08:00,008971,大成纳斯达克100ETF联接(QDII)C,纳斯达克100,(新增),限制大额申购,,500.0
2026-05-11T12:19:57+08:00,012752,建信纳斯达克100指数(QDII)C人民币,纳斯达克100,(新增),限制大额申购,,100.0
2026-05-11T12:19:59+08:00,012860,易方达标普500指数人民币C,标普500,(新增),暂停申购,,10.0
2026-05-11T12:20:00+08:00,012870,易方达纳斯达克100ETF联接(QDII-LOF)C(人民币),纳斯达克100,(新增),暂停申购,,10.0
2026-05-11T12:20:02+08:00,014978,华安纳斯达克100ETF联接(QDII)C,纳斯达克100,(新增),限制大额申购,,10.0
2026-05-11T12:20:04+08:00,015299,华夏纳斯达克100ETF发起式联接(QDII)A,纳斯达克100,(新增),暂停申购,,100.0
2026-05-11T12:20:06+08:00,015300,华夏纳斯达克100ETF发起式联接(QDII)C,纳斯达克100,(新增),暂停申购,,100.0
2026-05-11T12:20:08+08:00,016055,博时纳斯达克100ETF发起式联接(QDII)A人民币,纳斯达克100,(新增),暂停申购,,100.0
2026-05-11T12:20:10+08:00,016057,博时纳斯达克100ETF发起式联接(QDII)C人民币,纳斯达克100,(新增),暂停申购,,100.0
2026-05-11T12:20:12+08:00,016452,南方纳斯达克100指数发起(QDII)A,纳斯达克100,(新增),限制大额申购,,200.0
2026-05-11T12:20:14+08:00,016453,南方纳斯达克100指数发起(QDII)C,纳斯达克100,(新增),限制大额申购,,200.0
2026-05-11T12:20:16+08:00,016532,嘉实纳斯达克100ETF发起联接(QDII)A人民币,纳斯达克100,(新增),暂停申购,,100.0
2026-05-11T12:20:17+08:00,016533,嘉实纳斯达克100ETF发起联接(QDII)C人民币,纳斯达克100,(新增),暂停申购,,100.0
2026-05-11T12:20:19+08:00,017028,国泰标普500ETF发起联接(QDII)A人民币,标普500,(新增),暂停申购,,
2026-05-11T12:20:21+08:00,017030,国泰标普500ETF发起联接(QDII)C人民币,标普500,(新增),暂停申购,,
2026-05-11T12:20:23+08:00,017641,摩根标普500指数(QDII)人民币A,标普500,(新增),限制大额申购,,100.0
2026-05-11T12:20:25+08:00,018043,天弘纳斯达克100指数发起(QDII)A,纳斯达克100,(新增),限制大额申购,,100.0
2026-05-11T12:20:27+08:00,018044,天弘纳斯达克100指数发起(QDII)C,纳斯达克100,(新增),限制大额申购,,100.0
2026-05-11T12:20:29+08:00,018064,华夏标普500ETF发起式联接(QDII)A(人民币),标普500,(新增),暂停申购,,100.0
2026-05-11T12:20:31+08:00,018065,华夏标普500ETF发起式联接(QDII)C,标普500,(新增),暂停申购,,100.0
2026-05-11T12:20:33+08:00,018738,博时标普500ETF联接E(人民币),标普500,(新增),限制大额申购,,
2026-05-11T12:20:35+08:00,018966,汇添富纳斯达克100ETF发起式联接(QDII)人民币A,纳斯达克100,(新增),限制大额申购,,100.0
2026-05-11T12:20:37+08:00,018967,汇添富纳斯达克100ETF发起式联接(QDII)人民币C,纳斯达克100,(新增),限制大额申购,,100.0
2026-05-11T12:20:39+08:00,019172,摩根纳斯达克100指数(QDII)人民币A,纳斯达克100,(新增),限制大额申购,,100.0
2026-05-11T12:20:41+08:00,019173,摩根纳斯达克100指数(QDII)人民币C,纳斯达克100,(新增),限制大额申购,,100.0
2026-05-11T12:20:43+08:00,019305,摩根标普500指数(QDII)人民币C,标普500,(新增),限制大额申购,,100.0
2026-05-11T12:20:45+08:00,019441,万家纳斯达克100指数发起式(QDII)A,纳斯达克100,(新增),限制大额申购,,50.0
2026-05-11T12:20:47+08:00,019442,万家纳斯达克100指数发起式(QDII)C,纳斯达克100,(新增),限制大额申购,,50.0
2026-05-11T12:20:49+08:00,019524,华泰柏瑞纳斯达克100ETF发起式联接(QDII)A,纳斯达克100,(新增),限制大额申购,,10.0
2026-05-11T12:20:51+08:00,019525,华泰柏瑞纳斯达克100ETF发起式联接(QDII)C,纳斯达克100,(新增),限制大额申购,,10.0
2026-05-11T12:20:53+08:00,019547,招商纳斯达克100ETF发起式联接(QDII)A,纳斯达克100,(新增),限制大额申购,,100.0
2026-05-11T12:20:55+08:00,019548,招商纳斯达克100ETF发起式联接(QDII)C,纳斯达克100,(新增),限制大额申购,,100.0
2026-05-11T12:20:57+08:00,019736,宝盈纳斯达克100指数发起(QDII)A人民币,纳斯达克100,(新增),限制大额申购,,100.0
2026-05-11T12:20:59+08:00,019737,宝盈纳斯达克100指数发起(QDII)C人民币,纳斯达克100,(新增),限制大额申购,,100.0
2026-05-11T12:21:01+08:00,021000,南方纳斯达克100指数发起(QDII)I,纳斯达克100,(新增),限制大额申购,,
2026-05-11T12:21:03+08:00,021773,汇添富纳斯达克100ETF发起式联接(QDII)人民币E,纳斯达克100,(新增),限制大额申购,,100.0
2026-05-11T12:21:05+08:00,021778,广发纳指100ETF联接(QDII)人民币F,纳斯达克100,(新增),限制大额申购,,
2026-05-11T12:21:07+08:00,021838,嘉实纳斯达克100ETF发起联接(QDII)I人民币,纳斯达克100,(新增),暂停申购,,
2026-05-11T12:21:09+08:00,022523,天弘标普500发起(QDII-FOF)D,标普500,(新增),限制大额申购,,
2026-05-11T12:21:11+08:00,022525,天弘纳斯达克100指数发起(QDII)D,纳斯达克100,(新增),限制大额申购,,
2026-05-11T12:21:13+08:00,022664,华泰柏瑞纳斯达克100ETF发起式联接(QDII)I,纳斯达克100,(新增),限制大额申购,,10.0
2026-05-11T12:21:15+08:00,023422,建信纳斯达克100指数(QDII)D人民币,纳斯达克100,(新增),限制大额申购,,100.0
2026-05-11T12:21:16+08:00,024237,博时纳斯达克100ETF发起式联接(QDII)I人民币,纳斯达克100,(新增),暂停申购,,
2026-05-11T12:21:18+08:00,040046,华安纳斯达克100ETF联接(QDII)A,纳斯达克100,(新增),限制大额申购,,10.0
2026-05-11T12:21:20+08:00,050025,博时标普500ETF联接A,标普500,(新增),暂停申购,,100.0
2026-05-11T12:21:22+08:00,096001,大成标普500等权重指数(QDII)A人民币,标普500,(新增),限制大额申购,,1000.0
2026-05-11T12:21:24+08:00,160213,国泰纳斯达克100指数,纳斯达克100,(新增),暂停申购,,5000.0
2026-05-11T12:21:26+08:00,161125,易方达标普500指数人民币A,标普500,(新增),暂停申购,,10.0
2026-05-11T12:21:28+08:00,161130,易方达纳斯达克100ETF联接(QDII-LOF)A(人民币),纳斯达克100,(新增),暂停申购,,10.0
2026-05-11T12:21:29+08:00,270042,广发纳斯达克100ETF联接人民币(QDII)A,纳斯达克100,(新增),限制大额申购,,10.0
2026-05-11T12:21:31+08:00,539001,建信纳斯达克100指数(QDII)A人民币,纳斯达克100,(新增),限制大额申购,,100.0
2026-05-11T15:20:30+08:00,000834,大成纳斯达克100ETF联接(QDII)A,纳斯达克100,(新增),限制大额申购,,500.0
2026-05-11T15:20:32+08:00,006075,博时标普500ETF联接C,标普500,(新增),暂停申购,,100.0
2026-05-11T15:20:34+08:00,006479,广发纳斯达克100ETF联接人民币(QDII)C,纳斯达克100,(新增),限制大额申购,,10.0
2026-05-11T15:20:36+08:00,007721,天弘标普500发起(QDII-FOF)A,标普500,(新增),限制大额申购,,100.0
2026-05-11T15:20:38+08:00,007722,天弘标普500发起(QDII-FOF)C,标普500,(新增),限制大额申购,,100.0
2026-05-11T15:20:40+08:00,008401,大成标普500等权重指数(QDII)C人民币,标普500,(新增),限制大额申购,,1000.0
2026-05-11T15:20:42+08:00,008971,大成纳斯达克100ETF联接(QDII)C,纳斯达克100,(新增),限制大额申购,,500.0
2026-05-11T15:20:44+08:00,012752,建信纳斯达克100指数(QDII)C人民币,纳斯达克100,(新增),限制大额申购,,100.0
2026-05-11T15:20:46+08:00,012860,易方达标普500指数人民币C,标普500,(新增),暂停申购,,10.0
2026-05-11T15:20:48+08:00,012870,易方达纳斯达克100ETF联接(QDII-LOF)C(人民币),纳斯达克100,(新增),暂停申购,,10.0
2026-05-11T15:20:49+08:00,014978,华安纳斯达克100ETF联接(QDII)C,纳斯达克100,(新增),限制大额申购,,10.0
2026-05-11T15:20:51+08:00,015299,华夏纳斯达克100ETF发起式联接(QDII)A,纳斯达克100,(新增),暂停申购,,100.0
2026-05-11T15:20:53+08:00,015300,华夏纳斯达克100ETF发起式联接(QDII)C,纳斯达克100,(新增),暂停申购,,100.0
2026-05-11T15:20:55+08:00,016055,博时纳斯达克100ETF发起式联接(QDII)A人民币,纳斯达克100,(新增),暂停申购,,100.0
2026-05-11T15:20:57+08:00,016057,博时纳斯达克100ETF发起式联接(QDII)C人民币,纳斯达克100,(新增),暂停申购,,100.0
2026-05-11T15:20:59+08:00,016452,南方纳斯达克100指数发起(QDII)A,纳斯达克100,(新增),限制大额申购,,200.0
2026-05-11T15:21:02+08:00,016453,南方纳斯达克100指数发起(QDII)C,纳斯达克100,(新增),限制大额申购,,200.0
2026-05-11T15:21:03+08:00,016532,嘉实纳斯达克100ETF发起联接(QDII)A人民币,纳斯达克100,(新增),暂停申购,,100.0
2026-05-11T15:21:05+08:00,016533,嘉实纳斯达克100ETF发起联接(QDII)C人民币,纳斯达克100,(新增),暂停申购,,100.0
2026-05-11T15:21:07+08:00,017028,国泰标普500ETF发起联接(QDII)A人民币,标普500,(新增),暂停申购,,
2026-05-11T15:21:09+08:00,017030,国泰标普500ETF发起联接(QDII)C人民币,标普500,(新增),暂停申购,,
2026-05-11T15:21:11+08:00,017641,摩根标普500指数(QDII)人民币A,标普500,(新增),限制大额申购,,100.0
2026-05-11T15:21:13+08:00,018043,天弘纳斯达克100指数发起(QDII)A,纳斯达克100,(新增),限制大额申购,,100.0
2026-05-11T15:21:15+08:00,018044,天弘纳斯达克100指数发起(QDII)C,纳斯达克100,(新增),限制大额申购,,100.0
2026-05-11T15:21:17+08:00,018064,华夏标普500ETF发起式联接(QDII)A(人民币),标普500,(新增),暂停申购,,100.0
2026-05-11T15:21:19+08:00,018065,华夏标普500ETF发起式联接(QDII)C,标普500,(新增),暂停申购,,100.0
2026-05-11T15:21:21+08:00,018738,博时标普500ETF联接E(人民币),标普500,(新增),限制大额申购,,
2026-05-11T15:21:23+08:00,018966,汇添富纳斯达克100ETF发起式联接(QDII)人民币A,纳斯达克100,(新增),限制大额申购,,100.0
2026-05-11T15:21:25+08:00,018967,汇添富纳斯达克100ETF发起式联接(QDII)人民币C,纳斯达克100,(新增),限制大额申购,,100.0
2026-05-11T15:21:27+08:00,019172,摩根纳斯达克100指数(QDII)人民币A,纳斯达克100,(新增),限制大额申购,,100.0
2026-05-11T15:21:29+08:00,019173,摩根纳斯达克100指数(QDII)人民币C,纳斯达克100,(新增),限制大额申购,,100.0
2026-05-11T15:21:31+08:00,019305,摩根标普500指数(QDII)人民币C,标普500,(新增),限制大额申购,,100.0
2026-05-11T15:21:33+08:00,019441,万家纳斯达克100指数发起式(QDII)A,纳斯达克100,(新增),限制大额申购,,50.0
2026-05-11T15:21:35+08:00,019442,万家纳斯达克100指数发起式(QDII)C,纳斯达克100,(新增),限制大额申购,,50.0
2026-05-11T15:21:37+08:00,019524,华泰柏瑞纳斯达克100ETF发起式联接(QDII)A,纳斯达克100,(新增),限制大额申购,,10.0
2026-05-11T15:21:39+08:00,019525,华泰柏瑞纳斯达克100ETF发起式联接(QDII)C,纳斯达克100,(新增),限制大额申购,,10.0
2026-05-11T15:21:41+08:00,019547,招商纳斯达克100ETF发起式联接(QDII)A,纳斯达克100,(新增),限制大额申购,,100.0
2026-05-11T15:21:43+08:00,019548,招商纳斯达克100ETF发起式联接(QDII)C,纳斯达克100,(新增),限制大额申购,,100.0
2026-05-11T15:21:45+08:00,019736,宝盈纳斯达克100指数发起(QDII)A人民币,纳斯达克100,(新增),限制大额申购,,100.0
2026-05-11T15:21:47+08:00,019737,宝盈纳斯达克100指数发起(QDII)C人民币,纳斯达克100,(新增),限制大额申购,,100.0
2026-05-11T15:21:48+08:00,021000,南方纳斯达克100指数发起(QDII)I,纳斯达克100,(新增),限制大额申购,,
2026-05-11T15:21:50+08:00,021773,汇添富纳斯达克100ETF发起式联接(QDII)人民币E,纳斯达克100,(新增),限制大额申购,,100.0
2026-05-11T15:21:52+08:00,021778,广发纳指100ETF联接(QDII)人民币F,纳斯达克100,(新增),限制大额申购,,
2026-05-11T15:21:54+08:00,021838,嘉实纳斯达克100ETF发起联接(QDII)I人民币,纳斯达克100,(新增),暂停申购,,
2026-05-11T15:21:56+08:00,022523,天弘标普500发起(QDII-FOF)D,标普500,(新增),限制大额申购,,
2026-05-11T15:21:58+08:00,022525,天弘纳斯达克100指数发起(QDII)D,纳斯达克100,(新增),限制大额申购,,
2026-05-11T15:22:00+08:00,022664,华泰柏瑞纳斯达克100ETF发起式联接(QDII)I,纳斯达克100,(新增),限制大额申购,,10.0
2026-05-11T15:22:02+08:00,023422,建信纳斯达克100指数(QDII)D人民币,纳斯达克100,(新增),限制大额申购,,100.0
2026-05-11T15:22:04+08:00,024237,博时纳斯达克100ETF发起式联接(QDII)I人民币,纳斯达克100,(新增),暂停申购,,
2026-05-11T15:22:06+08:00,040046,华安纳斯达克100ETF联接(QDII)A,纳斯达克100,(新增),限制大额申购,,10.0
2026-05-11T15:22:08+08:00,050025,博时标普500ETF联接A,标普500,(新增),暂停申购,,100.0
2026-05-11T15:22:10+08:00,096001,大成标普500等权重指数(QDII)A人民币,标普500,(新增),限制大额申购,,1000.0
2026-05-11T15:22:12+08:00,160213,国泰纳斯达克100指数,纳斯达克100,(新增),暂停申购,,5000.0
2026-05-11T15:22:14+08:00,161125,易方达标普500指数人民币A,标普500,(新增),暂停申购,,10.0
2026-05-11T15:22:16+08:00,161130,易方达纳斯达克100ETF联接(QDII-LOF)A(人民币),纳斯达克100,(新增),暂停申购,,10.0
2026-05-11T15:22:18+08:00,270042,广发纳斯达克100ETF联接人民币(QDII)A,纳斯达克100,(新增),限制大额申购,,10.0
2026-05-11T15:22:20+08:00,539001,建信纳斯达克100指数(QDII)A人民币,纳斯达克100,(新增),限制大额申购,,100.0
2026-05-11T17:14:42+08:00,000834,大成纳斯达克100ETF联接(QDII)A,纳斯达克100,(新增),限制大额申购,,500.0
2026-05-11T17:14:44+08:00,006075,博时标普500ETF联接C,标普500,(新增),暂停申购,,100.0
2026-05-11T17:14:46+08:00,006479,广发纳斯达克100ETF联接人民币(QDII)C,纳斯达克100,(新增),限制大额申购,,10.0
2026-05-11T17:14:48+08:00,007721,天弘标普500发起(QDII-FOF)A,标普500,(新增),限制大额申购,,100.0
2026-05-11T17:14:50+08:00,007722,天弘标普500发起(QDII-FOF)C,标普500,(新增),限制大额申购,,100.0
2026-05-11T17:14:52+08:00,008401,大成标普500等权重指数(QDII)C人民币,标普500,(新增),限制大额申购,,1000.0
2026-05-11T17:14:53+08:00,008971,大成纳斯达克100ETF联接(QDII)C,纳斯达克100,(新增),限制大额申购,,500.0
2026-05-11T17:14:55+08:00,012752,建信纳斯达克100指数(QDII)C人民币,纳斯达克100,(新增),限制大额申购,,100.0
2026-05-11T17:14:57+08:00,012860,易方达标普500指数人民币C,标普500,(新增),暂停申购,,10.0
2026-05-11T17:14:59+08:00,012870,易方达纳斯达克100ETF联接(QDII-LOF)C(人民币),纳斯达克100,(新增),暂停申购,,10.0
2026-05-11T17:15:01+08:00,014978,华安纳斯达克100ETF联接(QDII)C,纳斯达克100,(新增),限制大额申购,,10.0
2026-05-11T17:15:03+08:00,015299,华夏纳斯达克100ETF发起式联接(QDII)A,纳斯达克100,(新增),暂停申购,,100.0
2026-05-11T17:15:05+08:00,015300,华夏纳斯达克100ETF发起式联接(QDII)C,纳斯达克100,(新增),暂停申购,,100.0
2026-05-11T17:15:07+08:00,016055,博时纳斯达克100ETF发起式联接(QDII)A人民币,纳斯达克100,(新增),暂停申购,,100.0
2026-05-11T17:15:09+08:00,016057,博时纳斯达克100ETF发起式联接(QDII)C人民币,纳斯达克100,(新增),暂停申购,,100.0
2026-05-11T17:15:11+08:00,016452,南方纳斯达克100指数发起(QDII)A,纳斯达克100,(新增),限制大额申购,,200.0
2026-05-11T17:15:13+08:00,016453,南方纳斯达克100指数发起(QDII)C,纳斯达克100,(新增),限制大额申购,,200.0
2026-05-11T17:15:15+08:00,016532,嘉实纳斯达克100ETF发起联接(QDII)A人民币,纳斯达克100,(新增),暂停申购,,100.0
2026-05-11T17:15:17+08:00,016533,嘉实纳斯达克100ETF发起联接(QDII)C人民币,纳斯达克100,(新增),暂停申购,,100.0
2026-05-11T17:15:19+08:00,017028,国泰标普500ETF发起联接(QDII)A人民币,标普500,(新增),暂停申购,,
2026-05-11T17:15:20+08:00,017030,国泰标普500ETF发起联接(QDII)C人民币,标普500,(新增),暂停申购,,
2026-05-11T17:15:22+08:00,017641,摩根标普500指数(QDII)人民币A,标普500,(新增),限制大额申购,,100.0
2026-05-11T17:15:24+08:00,018043,天弘纳斯达克100指数发起(QDII)A,纳斯达克100,(新增),限制大额申购,,100.0
2026-05-11T17:15:26+08:00,018044,天弘纳斯达克100指数发起(QDII)C,纳斯达克100,(新增),限制大额申购,,100.0
2026-05-11T17:15:28+08:00,018064,华夏标普500ETF发起式联接(QDII)A(人民币),标普500,(新增),暂停申购,,100.0
2026-05-11T17:15:30+08:00,018065,华夏标普500ETF发起式联接(QDII)C,标普500,(新增),暂停申购,,100.0
2026-05-11T17:15:32+08:00,018966,汇添富纳斯达克100ETF发起式联接(QDII)人民币A,纳斯达克100,(新增),限制大额申购,,100.0
2026-05-11T17:15:34+08:00,018967,汇添富纳斯达克100ETF发起式联接(QDII)人民币C,纳斯达克100,(新增),限制大额申购,,100.0
2026-05-11T17:15:36+08:00,019172,摩根纳斯达克100指数(QDII)人民币A,纳斯达克100,(新增),限制大额申购,,100.0
2026-05-11T17:15:38+08:00,019173,摩根纳斯达克100指数(QDII)人民币C,纳斯达克100,(新增),限制大额申购,,100.0
2026-05-11T17:15:40+08:00,019305,摩根标普500指数(QDII)人民币C,标普500,(新增),限制大额申购,,100.0
2026-05-11T17:15:42+08:00,019441,万家纳斯达克100指数发起式(QDII)A,纳斯达克100,(新增),限制大额申购,,50.0
2026-05-11T17:15:43+08:00,019442,万家纳斯达克100指数发起式(QDII)C,纳斯达克100,(新增),限制大额申购,,50.0
2026-05-11T17:15:45+08:00,019524,华泰柏瑞纳斯达克100ETF发起式联接(QDII)A,纳斯达克100,(新增),限制大额申购,,10.0
2026-05-11T17:15:47+08:00,019525,华泰柏瑞纳斯达克100ETF发起式联接(QDII)C,纳斯达克100,(新增),限制大额申购,,10.0
2026-05-11T17:15:49+08:00,019547,招商纳斯达克100ETF发起式联接(QDII)A,纳斯达克100,(新增),限制大额申购,,100.0
2026-05-11T17:15:51+08:00,019548,招商纳斯达克100ETF发起式联接(QDII)C,纳斯达克100,(新增),限制大额申购,,100.0
2026-05-11T17:15:53+08:00,019736,宝盈纳斯达克100指数发起(QDII)A人民币,纳斯达克100,(新增),限制大额申购,,100.0
2026-05-11T17:15:56+08:00,019737,宝盈纳斯达克100指数发起(QDII)C人民币,纳斯达克100,(新增),限制大额申购,,100.0
2026-05-11T17:15:58+08:00,040046,华安纳斯达克100ETF联接(QDII)A,纳斯达克100,(新增),限制大额申购,,10.0
2026-05-11T17:16:00+08:00,050025,博时标普500ETF联接A,标普500,(新增),暂停申购,,100.0
2026-05-11T17:16:02+08:00,096001,大成标普500等权重指数(QDII)A人民币,标普500,(新增),限制大额申购,,1000.0
2026-05-11T17:16:04+08:00,160213,国泰纳斯达克100指数,纳斯达克100,(新增),暂停申购,,5000.0
2026-05-11T17:16:06+08:00,161125,易方达标普500指数人民币A,标普500,(新增),暂停申购,,10.0
2026-05-11T17:16:08+08:00,161130,易方达纳斯达克100ETF联接(QDII-LOF)A(人民币),纳斯达克100,(新增),暂停申购,,10.0
2026-05-11T17:16:10+08:00,270042,广发纳斯达克100ETF联接人民币(QDII)A,纳斯达克100,(新增),限制大额申购,,10.0
2026-05-11T17:16:11+08:00,539001,建信纳斯达克100指数(QDII)A人民币,纳斯达克100,(新增),限制大额申购,,100.0
2026-05-15T11:22:52+08:00,000834,大成纳斯达克100ETF联接(QDII)A,纳斯达克100,(新增),限制大额申购,,500.0
2026-05-15T11:22:54+08:00,006075,博时标普500ETF联接C,标普500,(新增),暂停申购,,100.0
2026-05-15T11:22:56+08:00,006479,广发纳斯达克100ETF联接人民币(QDII)C,纳斯达克100,(新增),限制大额申购,,10.0
2026-05-15T11:22:58+08:00,007721,天弘标普500发起(QDII-FOF)A,标普500,(新增),限制大额申购,,100.0
2026-05-15T11:23:00+08:00,007722,天弘标普500发起(QDII-FOF)C,标普500,(新增),限制大额申购,,100.0
2026-05-15T11:23:02+08:00,008401,大成标普500等权重指数(QDII)C人民币,标普500,(新增),限制大额申购,,1000.0
2026-05-15T11:23:04+08:00,008971,大成纳斯达克100ETF联接(QDII)C,纳斯达克100,(新增),限制大额申购,,500.0
2026-05-15T11:23:06+08:00,012752,建信纳斯达克100指数(QDII)C人民币,纳斯达克100,(新增),限制大额申购,,100.0
2026-05-15T11:23:08+08:00,012860,易方达标普500指数人民币C,标普500,(新增),暂停申购,,10.0
2026-05-15T11:23:10+08:00,012870,易方达纳斯达克100ETF联接(QDII-LOF)C(人民币),纳斯达克100,(新增),暂停申购,,10.0
2026-05-15T11:23:12+08:00,014978,华安纳斯达克100ETF联接(QDII)C,纳斯达克100,(新增),限制大额申购,,10.0
2026-05-15T11:23:14+08:00,015299,华夏纳斯达克100ETF发起式联接(QDII)A,纳斯达克100,(新增),暂停申购,,100.0
2026-05-15T11:23:16+08:00,015300,华夏纳斯达克100ETF发起式联接(QDII)C,纳斯达克100,(新增),暂停申购,,100.0
2026-05-15T11:23:18+08:00,016055,博时纳斯达克100ETF发起式联接(QDII)A人民币,纳斯达克100,(新增),暂停申购,,100.0
2026-05-15T11:23:20+08:00,016057,博时纳斯达克100ETF发起式联接(QDII)C人民币,纳斯达克100,(新增),暂停申购,,100.0
2026-05-15T11:23:22+08:00,016452,南方纳斯达克100指数发起(QDII)A,纳斯达克100,(新增),限制大额申购,,200.0
2026-05-15T11:23:24+08:00,016453,南方纳斯达克100指数发起(QDII)C,纳斯达克100,(新增),限制大额申购,,200.0
2026-05-15T11:23:26+08:00,016532,嘉实纳斯达克100ETF发起联接(QDII)A人民币,纳斯达克100,(新增),暂停申购,,100.0
2026-05-15T11:23:28+08:00,016533,嘉实纳斯达克100ETF发起联接(QDII)C人民币,纳斯达克100,(新增),暂停申购,,100.0
2026-05-15T11:23:31+08:00,017028,国泰标普500ETF发起联接(QDII)A人民币,标普500,(新增),暂停申购,,
2026-05-15T11:23:33+08:00,017030,国泰标普500ETF发起联接(QDII)C人民币,标普500,(新增),暂停申购,,
2026-05-15T11:23:35+08:00,017641,摩根标普500指数(QDII)人民币A,标普500,(新增),限制大额申购,,100.0
2026-05-15T11:23:37+08:00,018043,天弘纳斯达克100指数发起(QDII)A,纳斯达克100,(新增),限制大额申购,,100.0
2026-05-15T11:23:39+08:00,018044,天弘纳斯达克100指数发起(QDII)C,纳斯达克100,(新增),限制大额申购,,100.0
2026-05-15T11:23:41+08:00,018064,华夏标普500ETF发起式联接(QDII)A(人民币),标普500,(新增),暂停申购,,100.0
2026-05-15T11:23:43+08:00,018065,华夏标普500ETF发起式联接(QDII)C,标普500,(新增),暂停申购,,100.0
2026-05-15T11:23:45+08:00,018966,汇添富纳斯达克100ETF发起式联接(QDII)人民币A,纳斯达克100,(新增),限制大额申购,,100.0
2026-05-15T11:23:47+08:00,018967,汇添富纳斯达克100ETF发起式联接(QDII)人民币C,纳斯达克100,(新增),限制大额申购,,100.0
2026-05-15T11:23:49+08:00,019172,摩根纳斯达克100指数(QDII)人民币A,纳斯达克100,(新增),限制大额申购,,100.0
2026-05-15T11:23:51+08:00,019173,摩根纳斯达克100指数(QDII)人民币C,纳斯达克100,(新增),限制大额申购,,100.0
2026-05-15T11:23:53+08:00,019305,摩根标普500指数(QDII)人民币C,标普500,(新增),限制大额申购,,100.0
2026-05-15T11:23:55+08:00,019441,万家纳斯达克100指数发起式(QDII)A,纳斯达克100,(新增),限制大额申购,,50.0
2026-05-15T11:23:57+08:00,019442,万家纳斯达克100指数发起式(QDII)C,纳斯达克100,(新增),限制大额申购,,50.0
2026-05-15T11:23:59+08:00,019524,华泰柏瑞纳斯达克100ETF发起式联接(QDII)A,纳斯达克100,(新增),限制大额申购,,10.0
2026-05-15T11:24:02+08:00,019525,华泰柏瑞纳斯达克100ETF发起式联接(QDII)C,纳斯达克100,(新增),限制大额申购,,10.0
2026-05-15T11:24:05+08:00,019547,招商纳斯达克100ETF发起式联接(QDII)A,纳斯达克100,(新增),限制大额申购,,100.0
2026-05-15T11:24:07+08:00,019548,招商纳斯达克100ETF发起式联接(QDII)C,纳斯达克100,(新增),限制大额申购,,100.0
2026-05-15T11:24:09+08:00,019736,宝盈纳斯达克100指数发起(QDII)A人民币,纳斯达克100,(新增),限制大额申购,,100.0
2026-05-15T11:24:11+08:00,019737,宝盈纳斯达克100指数发起(QDII)C人民币,纳斯达克100,(新增),限制大额申购,,100.0
2026-05-15T11:24:15+08:00,040046,华安纳斯达克100ETF联接(QDII)A,纳斯达克100,(新增),限制大额申购,,10.0
2026-05-15T11:24:17+08:00,050025,博时标普500ETF联接A,标普500,(新增),暂停申购,,100.0
2026-05-15T11:24:19+08:00,096001,大成标普500等权重指数(QDII)A人民币,标普500,(新增),限制大额申购,,1000.0
2026-05-15T11:24:21+08:00,160213,国泰纳斯达克100指数,纳斯达克100,(新增),暂停申购,,5000.0
2026-05-15T11:24:23+08:00,161125,易方达标普500指数人民币A,标普500,(新增),暂停申购,,10.0
2026-05-15T11:24:25+08:00,161130,易方达纳斯达克100ETF联接(QDII-LOF)A(人民币),纳斯达克100,(新增),暂停申购,,10.0
2026-05-15T11:24:27+08:00,270042,广发纳斯达克100ETF联接人民币(QDII)A,纳斯达克100,(新增),限制大额申购,,10.0
2026-05-15T11:24:29+08:00,539001,建信纳斯达克100指数(QDII)A人民币,纳斯达克100,(新增),限制大额申购,,100.0
2026-05-26T15:02:02+08:00,000834,大成纳斯达克100ETF联接(QDII)A,纳斯达克100,限制大额申购,限制大额申购,500.0,100.0
2026-05-26T15:02:12+08:00,008401,大成标普500等权重指数(QDII)C人民币,标普500,限制大额申购,限制大额申购,1000.0,50.0
2026-05-26T15:02:14+08:00,008971,大成纳斯达克100ETF联接(QDII)C,纳斯达克100,限制大额申购,限制大额申购,500.0,100.0
2026-05-26T15:03:28+08:00,096001,大成标普500等权重指数(QDII)A人民币,标普500,限制大额申购,限制大额申购,1000.0,50.0
2026-05-26T15:03:30+08:00,160213,国泰纳斯达克100指数,纳斯达克100,暂停申购,限制大额申购,5000.0,100.0
2026-05-27T18:20:15+08:00,000834,大成纳斯达克100ETF联接(QDII)A,纳斯达克100,限制大额申购,限制大额申购,100.0,50.0
2026-05-27T18:20:26+08:00,008971,大成纳斯达克100ETF联接(QDII)C,纳斯达克100,限制大额申购,限制大额申购,100.0,50.0
2026-06-03T09:36:29+08:00,007721,天弘标普500发起(QDII-FOF)A,标普500,限制大额申购,暂停申购,100.0,100.0
2026-06-03T09:36:31+08:00,007722,天弘标普500发起(QDII-FOF)C,标普500,限制大额申购,暂停申购,100.0,100.0
2026-06-03T09:37:08+08:00,018043,天弘纳斯达克100指数发起(QDII)A,纳斯达克100,限制大额申购,暂停申购,100.0,100.0
2026-06-03T09:37:10+08:00,018044,天弘纳斯达克100指数发起(QDII)C,纳斯达克100,限制大额申购,暂停申购,100.0,100.0
2026-06-03T09:37:49+08:00,160213,国泰纳斯达克100指数,纳斯达克100,限制大额申购,暂停申购,100.0,100.0
2026-06-04T18:10:19+08:00,000834,大成纳斯达克100ETF联接(QDII)A,纳斯达克100,限制大额申购,限制大额申购,50.0,10.0
2026-06-04T18:10:29+08:00,008401,大成标普500等权重指数(QDII)C人民币,标普500,限制大额申购,限制大额申购,50.0,10.0
2026-06-04T18:10:31+08:00,008971,大成纳斯达克100ETF联接(QDII)C,纳斯达克100,限制大额申购,限制大额申购,50.0,10.0
2026-06-04T18:11:01+08:00,017641,摩根标普500指数(QDII)人民币A,标普500,限制大额申购,限制大额申购,100.0,10.0
2026-06-04T18:11:20+08:00,019305,摩根标普500指数(QDII)人民币C,标普500,限制大额申购,限制大额申购,100.0,10.0
2026-06-04T18:11:41+08:00,096001,大成标普500等权重指数(QDII)A人民币,标普500,限制大额申购,限制大额申购,50.0,10.0
2026-06-16T16:38:43+08:00,019172,摩根纳斯达克100指数(QDII)人民币A,纳斯达克100,限制大额申购,限制大额申购,100.0,10.0
2026-06-16T16:38:45+08:00,019173,摩根纳斯达克100指数(QDII)人民币C,纳斯达克100,限制大额申购,限制大额申购,100.0,10.0
2026-06-16T16:38:57+08:00,019547,招商纳斯达克100ETF发起式联接(QDII)A,纳斯达克100,限制大额申购,限制大额申购,100.0,10.0
2026-06-16T16:38:59+08:00,019548,招商纳斯达克100ETF发起式联接(QDII)C,纳斯达克100,限制大额申购,限制大额申购,100.0,10.0
2026-06-16T16:39:01+08:00,019736,宝盈纳斯达克100指数发起(QDII)A人民币,纳斯达克100,限制大额申购,限制大额申购,100.0,10.0
2026-06-16T16:39:03+08:00,019737,宝盈纳斯达克100指数发起(QDII)C人民币,纳斯达克100,限制大额申购,限制大额申购,100.0,10.0
2026-06-22T11:53:17+08:00,016452,南方纳斯达克100指数发起(QDII)A,纳斯达克100,限制大额申购,限制大额申购,200.0,50.0
2026-06-22T11:53:19+08:00,016453,南方纳斯达克100指数发起(QDII)C,纳斯达克100,限制大额申购,限制大额申购,200.0,50.0
2026-06-22T11:53:48+08:00,019441,万家纳斯达克100指数发起式(QDII)A,纳斯达克100,限制大额申购,限制大额申购,50.0,
2026-06-22T11:53:50+08:00,019442,万家纳斯达克100指数发起式(QDII)C,纳斯达克100,限制大额申购,限制大额申购,50.0,
2026-07-20T11:08:14+08:00,016452,南方纳斯达克100指数发起(QDII)A,纳斯达克100,限制大额申购,限制大额申购,50.0,10.0
2026-07-20T11:08:16+08:00,016453,南方纳斯达克100指数发起(QDII)C,纳斯达克100,限制大额申购,限制大额申购,50.0,10.0
2026-07-20T11:08:39+08:00,018966,汇添富纳斯达克100ETF发起式联接(QDII)人民币A,纳斯达克100,限制大额申购,限制大额申购,100.0,10.0
2026-07-20T11:08:41+08:00,018967,汇添富纳斯达克100ETF发起式联接(QDII)人民币C,纳斯达克100,限制大额申购,限制大额申购,100.0,10.0
2026-07-20T11:08:49+08:00,019441,万家纳斯达克100指数发起式(QDII)A,纳斯达克100,限制大额申购,限制大额申购,,10.0
2026-07-20T11:08:51+08:00,019442,万家纳斯达克100指数发起式(QDII)C,纳斯达克100,限制大额申购,限制大额申购,,10.0
2026-07-30T15:04:10+08:00,006479,广发纳斯达克100ETF联接人民币(QDII)C,纳斯达克100,限制大额申购,限制大额申购,10.0,5.0
2026-07-30T15:05:35+08:00,270042,广发纳斯达克100ETF联接人民币(QDII)A,纳斯达克100,限制大额申购,限制大额申购,10.0,5.0
2026-08-19T16:07:37+08:00,012752,建信纳斯达克100指数(QDII)C人民币,纳斯达克100,限制大额申购,限制大额申购,100.0,10.0
2026-08-19T16:08:42+08:00,160213,国泰纳斯达克100指数,纳斯达克100,暂停申购,限制大额申购,100.0,50.0
2026-08-19T16:08:49+08:00,539001,建信纳斯达克100指数(QDII)A人民币,纳斯达克100,限制大额申购,限制大额申购,100.0,10.0
